{
  "rater_count": 14,
  "mean_abs_bias": 0.33077234336098454,
  "median_abs_bias": 0.3051042267098227,
  "max_abs_bias": 0.7406245083858168,
  "min_abs_bias": 0.0361948974545575,
  "mean_shrinkage": 0.5327733995321821,
  "corr_abs_bias_n": -0.12959537704353283,
  "corr_shrinkage_n": 0.9872436096961523,
  "mean_abs_delta": 0.15953308879364336,
  "median_abs_delta": 0.1819837373678932,
  "grade_changes_vs_naive": 4
}