boundary,cutpoint,between_grades
1,-3.0476098689833186,F | F+
2,-2.2223625548903607,F+ | E-
3,-1.4342540477483519,E- | E+
4,-0.6830042707672361,E+ | D-
5,0.029819005005018516,D- | D+
6,0.7453665684752041,D+ | C-
7,1.4748268578909836,C- | C+
8,2.229065551664944,C+ | B
9,3.0127178159682635,B | A
