rater_id,weight,n_rated
Agneta D,0.6460748552263985,4.0
Ann B,0.46022526317571755,3.0
Anna P,0.7815735284254093,5.0
Erik A,0.833880113500308,6.0
Hanna L,0.8020484703045114,5.0
Jenny L,0.6106195353192587,6.0
Jenny P,0.646286742577308,5.0
Lena R,0.611126553634684,3.0
Marcus D,0.3077875289611516,2.0
Mats A,0.6466630571508873,4.0
Robin S,0.7292548380057702,5.0
Sophie O,0.5749593984569669,4.0
Ullis,0.4387231946657189,3.0
Yvonne R,1.0,5.0
