{
  "rater_count": 14,
  "mean_abs_bias": 0.33077234336098454,
  "median_abs_bias": 0.3051042267098227,
  "max_abs_bias": 0.7406245083858168,
  "min_abs_bias": 0.0361948974545575,
  "mean_shrinkage": 0.5327733995321821,
  "corr_abs_bias_n": -0.12959537704353283,
  "corr_shrinkage_n": 0.9872436096961523,
  "mean_abs_delta": 0.15953308879364336,
  "median_abs_delta": 0.1819837373678932,
  "confidence_stats": {
    "count": 12.0,
    "mean": 0.3080690350749837,
    "std": 0.07690372508223368,
    "min": 0.12495228847364852,
    "25%": 0.2841138926875573,
    "50%": 0.3086750322419359,
    "75%": 0.3708806242803956,
    "max": 0.3874301283486693
  }
}