rater_id,severity_adjustment
Agneta D,-0.10567305853197542
Ann B,0.0
Anna P,-0.3272551851749559
Erik A,-0.4115567666318767
Hanna L,-0.3628078986532829
Jenny L,0.18686447039917367
Jenny P,-0.1786509677197474
Lena R,0.0
Marcus D,0.09961519490692436
Mats A,0.018455439535562862
Robin S,-0.0005481629554504174
Sophie O,-0.011579065860120532
Ullis,-0.24826324616848797
Yvonne R,-0.15989240723352827
